{
  "bannerRadius": 48,
  "necessaryKills": 50,
  "damageMultiplier": 1.5,
  "defenseMultiplier": 0.75,
  "shouldBroadcastWhenGivenBanner": true,
  "shouldBroadcastToEveryone": true,
  "blacklistedEntities": ["the_aether:aechor_plant",
"the_aether:aerbunny",
"the_aether:aerwhale",
"the_aether:blue_swet",
"the_aether:chest_mimic",
"the_aether:cockatrice",
"the_aether:floating_block",
"the_aether:flying_cow",
"the_aether:golden_swet",
"the_aether:moa",
"the_aether:phyg",
"the_aether:purple_swet",
"the_aether:sheepuff",
"the_aether:white_swet"]
}
