{
  "__comment": "For help with the config refer to https://github.com/Flemmli97/Flan/wiki/Config",
  "configVersion": 2,
  "startingBlocks": 500,
  "maxClaimBlocks": 5000,
  "ticksForNextBlock": 600,
  "minClaimsize": 100,
  "defaultClaimDepth": 10,
  "ignoredBlocks": [
    "universal_graves:grave"
  ],
  "ignoredEntities": [
    "corpse:corpse"
  ],
  "lenientBlockEntityCheck": false,
  "blockEntityTagIgnore": [
    "IsDeathChest",
    "gprops"
  ],
  "entityTagIgnore": [
    "graves.marker"
  ],
  "blacklistedWorlds": [],
  "worldWhitelist": false,
  "claimingItem": "minecraft:golden_hoe",
  "inspectionItem": "minecraft:stick",
  "claimDisplayTime": 1000,
  "permissionLevel": 2,
  "defaultGroups": {
    "Visitor": {
      "BED": true,
      "ENCHANTMENT": true,
      "FENCEGATE": true,
      "PRESSUREPLATE": true,
      "ITEMFRAMEROTATE": true,
      "ENDERCHEST": true,
      "BUTTONLEVER": true,
      "TRADING": true,
      "DOOR": true,
      "TRAPDOOR": true,
      "PORTAL": true
    },
    "Co-Owner": {
      "WATERBORDER": true,
      "ENCHANTMENT": true,
      "REDSTONE": true,
      "ENDERPEARL": true,
      "BUCKET": true,
      "ARMORSTAND": true,
      "DOOR": true,
      "FENCEGATE": true,
      "ANVIL": true,
      "MINECART": true,
      "BREAK": true,
      "CANSTAY": true,
      "PRESSUREPLATE": true,
      "PISTONBORDER": true,
      "LIGHTNING": true,
      "RAID": true,
      "TRADING": true,
      "HURTANIMAL": true,
      "SNOWGOLEM": true,
      "LECTERNTAKE": true,
      "FLIGHT": true,
      "TELEPORT": true,
      "FROSTWALKER": true,
      "INTERACTBLOCK": true,
      "EDITCLAIM": true,
      "ENDERMAN": true,
      "ENDCRYSTALPLACE": true,
      "EDITPOTIONS": true,
      "TARGETBLOCK": true,
      "OPENCONTAINER": true,
      "ITEMFRAMEROTATE": true,
      "BEACON": true,
      "TRAPDOOR": true,
      "DROP": true,
      "PROJECTILES": true,
      "WITHER": true,
      "ANIMALSPAWN": true,
      "CHORUSFRUIT": true,
      "PICKUP": true,
      "BUTTONLEVER": true,
      "NOTEBLOCK": true,
      "EDITPERMS": true,
      "BOAT": true,
      "FIRESPREAD": true,
      "BED": true,
      "BREAKNONLIVING": true,
      "NOHUNGER": true,
      "LOCKITEMS": true,
      "MOBSPAWN": true,
      "PLACE": true,
      "TRAMPLE": true,
      "HURTPLAYER": true,
      "PORTAL": true,
      "EXPLOSIONS": true,
      "ANIMALINTERACT": true,
      "XP": true,
      "ENDERCHEST": true,
      "JUKEBOX": true
    }
  },
  "globalDefaultPerms": {
    "*": {
      "NOHUNGER": "ALLFALSE",
      "LOCKITEMS": "ALLTRUE",
      "FLIGHT": "ALLTRUE",
      "MOBSPAWN": "ALLFALSE",
      "EDITPOTIONS": "ALLFALSE",
      "TELEPORT": "ALLFALSE"
    }
  },
  "enableLogs": false,
  "sellPrice": -1,
  "buyPrice": -1,
  "dropTicks": 6000,
  "inactivityTimeDays": 30,
  "inactivityBlocksMax": 2000,
  "deletePlayerFile": false,
  "bannedDeletionTime": 30,
  "offlineProtectActivation": -1
}