{
  "mobPhysicsType": 4,
  "blockPhysicsNew": 1,
  "maxPhysicsObjects": 10000,
  "blockPhysicsScale": 0.5,
  "particleLifetimeMobs": 100.0,
  "particleLifetimeBlocks": 4.099999904632568,
  "particleLifetimeVines": 4.0,
  "cpuThreads": 3,
  "itemPhysics": true,
  "minecraftBlockBreakParticles": false,
  "vinePhysics": true,
  "clothPhysics": true,
  "clothSmoothShading": false,
  "physicsModCape": true,
  "selectedPhysicsCape": "Physics Mod Cape.dae",
  "showUpdateNotifications": true,
  "clothThreads": 1,
  "customizedGravities": [
    "minecraft:overworld",
    0.0,
    -9.81,
    0.0,
    "immersive_portals:alternate1",
    0.0,
    -9.81,
    0.0,
    "immersive_portals:alternate2",
    0.0,
    -9.81,
    0.0,
    "appliedenergistics2:spatial_storage",
    0.0,
    -9.81,
    0.0,
    "minecraft:the_nether",
    0.0,
    -9.81,
    0.0,
    "immersive_portals:alternate3",
    0.0,
    -9.81,
    0.0,
    "immersive_portals:alternate4",
    0.0,
    -9.81,
    0.0,
    "minecraft:the_end",
    0.0,
    -9.81,
    0.0,
    "immersive_portals:alternate5",
    0.0,
    -9.81,
    0.0
  ],
  "customizedBuoyancies": [
    "minecraft:overworld",
    0.0,
    2.0,
    0.0,
    "immersive_portals:alternate1",
    0.0,
    2.0,
    0.0,
    "immersive_portals:alternate2",
    0.0,
    2.0,
    0.0,
    "appliedenergistics2:spatial_storage",
    0.0,
    2.0,
    0.0,
    "minecraft:the_nether",
    0.0,
    2.0,
    0.0,
    "immersive_portals:alternate3",
    0.0,
    2.0,
    0.0,
    "immersive_portals:alternate4",
    0.0,
    2.0,
    0.0,
    "minecraft:the_end",
    0.0,
    2.0,
    0.0,
    "immersive_portals:alternate5",
    0.0,
    2.0,
    0.0
  ],
  "customizedCapes": []
}