{
  "name": "BEGINNING",
  "quests": [
    {
      "uuid": "b667f2ea-5abd-4846-8785-7a6a43c2295b",
      "name": "Unnamed",
      "description": "Unnamed quest",
      "x": 26,
      "y": 127,
      "prerequisites": [],
      "optionlinks": [],
      "reward": [],
      "rewardchoice": [],
      "commandrewards": []
    },
    {
      "uuid": "9f29e139-02c2-4fb9-b766-63eb7446da32",
      "name": "What are these particles?!",
      "description": "How do I remove/improve them? So you hate them or love them, but either way you want to know how to change them! Press Esc, then go into Options... And from there you should notice a big option that is called Physics Settings... Inside here you can change everything to do with the Physics mod! This means you can either turn everything off and go back to vanilla, or you can take things a step further! (I\u0027ve lowered settings from default already!)",
      "x": 55,
      "y": 20,
      "icon": {
        "id": "minecraft:grass_block",
        "Count": 1
      },
      "prerequisites": [],
      "optionlinks": [],
      "reward": [
        {
          "id": "hardcorequesting:basic_bag",
          "Count": 1
        },
        {
          "id": "minecraft:bread",
          "Count": 2
        }
      ],
      "rewardchoice": [],
      "commandrewards": []
    },
    {
      "uuid": "259b792e-a1d2-4abf-b1e1-3cd811c98d2b",
      "name": "Unnamed",
      "description": "Unnamed quest",
      "x": 30,
      "y": 74,
      "prerequisites": [],
      "optionlinks": [],
      "reward": [],
      "rewardchoice": [],
      "commandrewards": []
    },
    {
      "uuid": "f4f6a596-6e69-418f-b8e1-7f9d72d5391c",
      "name": "Unnamed",
      "description": "Unnamed quest",
      "x": 70,
      "y": 89,
      "prerequisites": [],
      "optionlinks": [],
      "reward": [],
      "rewardchoice": [],
      "commandrewards": []
    },
    {
      "uuid": "d4d6e562-f828-45fa-a584-3c9da4bf5dd5",
      "name": "Unnamed",
      "description": "Unnamed quest",
      "x": 35,
      "y": 169,
      "prerequisites": [],
      "optionlinks": [],
      "reward": [],
      "rewardchoice": [],
      "commandrewards": []
    },
    {
      "uuid": "a19fa8f9-9fc1-4c11-a760-445b5c77190f",
      "name": "Unnamed",
      "description": "Unnamed quest",
      "x": 98,
      "y": 181,
      "prerequisites": [],
      "optionlinks": [],
      "reward": [],
      "rewardchoice": [],
      "commandrewards": []
    },
    {
      "uuid": "6da9a913-c2ef-4405-99e5-39cc37b95308",
      "name": "Portable Crafting Table!",
      "description": "By combining a crafting table and a sign together in your inventory crafting grid, you can get a portable hand held crafting table! This means you can craft on the go without needing to place down a crafting table! ",
      "x": 115,
      "y": 24,
      "icon": {
        "id": "kibe:pocket_crafting_table",
        "Count": 1
      },
      "tasks": [
        {
          "type": "DETECT",
          "items": [
            {
              "item": {
                "id": "kibe:pocket_crafting_table",
                "Count": 1
              }
            }
          ]
        }
      ],
      "prerequisites": [],
      "optionlinks": [],
      "reward": [
        {
          "id": "hardcorequesting:basic_bag",
          "Count": 1
        },
        {
          "id": "minecraft:bread",
          "Count": 2
        }
      ],
      "rewardchoice": [],
      "commandrewards": []
    },
    {
      "uuid": "4d5088d5-bb54-4c52-9bf6-caf2798afc30",
      "name": "Unnamed",
      "description": "Unnamed quest",
      "x": 112,
      "y": 95,
      "prerequisites": [],
      "optionlinks": [],
      "reward": [],
      "rewardchoice": [],
      "commandrewards": []
    },
    {
      "uuid": "2a06d2a2-e3ca-4adf-909a-6b17326e5a4c",
      "name": "Unnamed",
      "description": "Unnamed quest",
      "x": 81,
      "y": 53,
      "prerequisites": [],
      "optionlinks": [],
      "reward": [],
      "rewardchoice": [],
      "commandrewards": []
    },
    {
      "uuid": "004aa53a-61d3-4631-8cd7-d61cf568cacf",
      "name": "Unnamed",
      "description": "Unnamed quest",
      "x": 71,
      "y": 137,
      "prerequisites": [],
      "optionlinks": [],
      "reward": [],
      "rewardchoice": [],
      "commandrewards": []
    },
    {
      "uuid": "6f15c63e-874d-4825-95af-9bd88fece027",
      "name": "Unnamed",
      "description": "Unnamed quest",
      "x": 108,
      "y": 139,
      "prerequisites": [],
      "optionlinks": [],
      "reward": [],
      "rewardchoice": [],
      "commandrewards": []
    }
  ],
  "reputationBar": [],
  "description": "Welcome to MoDewSa! These are the first quests for you to take on! By no means do you have to follow these quests, BUT! They will do their best to walk you through the modpack :) So if you\u0027re new to modded Minecraft, or even just new to Fabric, some of these mods are quite wild, so I\u0027ll do my best to show you the ropes! I hope you enjoy :D -Dewey"
}