{
  "noClaim": "There is no claim here.",
  "inspectBlockOwner": "This is %1$s's claim",
  "inspectNoClaim": "Nobody owns this block",
  "claimBlocksFormat": "Claim Blocks: %1$d + (Bonus) %2$d; Used: %3$d",
  "listClaims": "Listing all claims:",
  "listAdminClaims": "Listing all admin-claims in %1$s:",
  "onlyOnePlayer": "Only one player can be used as argument",
  "ownerTransferSuccess": "New Claimowner now: %s",
  "ownerTransferFail": "Only the owner may transfer claims",
  "ownerTransferNoBlocks": "The new owner doesnt have enough claimblocks",
  "ownerTransferNoBlocksAdmin": "You can ignore this by switching to admin mode",
  "noPermission": "You don't have the required permissions to do that here!",
  "noPermissionSimple": "Sorry you can't do that here!",
  "configReload": "Configs reloaded",
  "cantClaimHere": "Sorry you cant claim here",
  "minClaimSize": "This is too small. Minimum claimsize is %d",
  "landClaimDisabledWorld": "Claiming is disabled in this world",
  "editMode": "Editing mode set to %s",
  "notEnoughBlocks": "Not enough claim blocks",
  "conflictOther": "Claim would overlap other claims",
  "wrongMode": "Wrong claim mode. You are in %s-mode",
  "stringScreenReturn": "Click on paper to go back",
  "groupAdd": "Added group %s",
  "groupRemove": "Removed group %s",
  "groupExist": "Group already exist",
  "playerModify": "Modified permission group for following players to %1$s: %2$s",
  "playerModifyNo": "Couldn't set permission group for the players. Probably cause they already belong to a group",
  "playerGroupAddFail": "Couldn't add that player to the group either cause the player is already in a group or no player matching the name was found",
  "resizeClaim": "Resizing claim",
  "resizeSuccess": "Resized Claims",
  "claimCreateSuccess": "Created a new claim",
  "subClaimCreateSuccess": "Created a new subclaim",
  "deleteClaim": "Claim deleted",
  "deleteAllClaimConfirm": "Are you sure you want to delete all claims? Type it again to confirm",
  "deleteAllClaim": "All claims deleted",
  "deleteClaimError": "You can't delete this claim here",
  "deleteSubClaim": "Subclaim deleted",
  "deleteSubClaimAll": "All Subclaims from this claim deleted",
  "noSuchPerm": "No such Permission %s",
  "editPerm": "%1$s now set to %2$s",
  "editPermGroup": "%1$s for %2$s now set to %3$s",
  "editPersonalGroup": "Default permission %1$s for group %2$s now set to %3$s",
  "adminMode": "Adminmode (Ignore Claims) set to: %s",
  "adminDeleteAll": "Deleted all claims for following players: %s",
  "setAdminClaim": "Adminclaim of this claim now: %s",
  "readGriefpreventionData": "Reading data from GriefPrevention",
  "readGriefpreventionClaimDataSuccess": "Successfully read claim data",
  "readGriefpreventionPlayerDataSuccess": "Successfully read player data",
  "cantFindData": "No griefprevention data at %s",
  "errorFile": "Error reading file %s",
  "readConflict": "%1$s conflicts with existing claims. Not added to world! Conflicts:",
  "giveClaimBlocks": "Gave following players %2$d claimblocks: %1$s",
  "claimBasicInfo": "Owner: %1$s, from: [x=%2$d,z=%3$d] to [x=%4$d,z=%5$d]; Subclaim-amount: %6$d",
  "claimBasicInfoNamed": "Claim: %7$s, Owner: %1$s, from: [x=%2$d,z=%3$d] to [x=%4$d,z=%5$d]; Subclaim-amount: %6$d",
  "claimSubHeader": "==SubclaimInfo==",
  "claimBasicInfoSub": "Owner: %1$s, from: [x=%2$d,z=%3$d] to [x=%4$d,z=%5$d]",
  "claimBasicInfoSubNamed": "Claim: %6$s, Owner: %1$s, from: [x=%2$d,z=%3$d] to [x=%4$d,z=%5$d]",
  "claimInfoPerms": "Permissions: %s",
  "claimGroupInfoHeader": "Groups: ",
  "claimGroupPerms": "    Permissions: %s",
  "claimGroupPlayers": "    Players: %s",
  "helpHeader": "Available subcommands are (page %d):",
  "helpCmdHeader": "====================",
  "helpCmdSyntax": "Syntax: %s",
  "screenEnableText": "Enabled: %s",
  "screenUneditable": "Non Editable!",
  "screenClose": "Close",
  "screenNext": "Next",
  "screenPrevious": "Prev",
  "screenAdd": "Add",
  "screenBack": "Back",
  "screenNoPerm": "No Permission",
  "screenMenu": "Claim-Menu",
  "screenMenuSub": "SubClaim-Menu",
  "screenMenuGlobal": "Edit Global Permissions",
  "screenMenuGroup": "Edit Permissiongroups",
  "screenMenuPotion": "Edit Potioneffects",
  "screenMenuDelete": "Delete Claim",
  "screenConfirm": "Confirm",
  "screenYes": "Yes",
  "screenNo": "No",
  "screenGroupPlayers": "%s-Players",
  "screenRemoveMode": "Remove Mode: %s",
  "screenGlobalPerms": "Global-Permissions",
  "screenGroupPerms": "%s-Permissions",
  "screenPersonalGroups": "Personal-Groups",
  "screenPersonalPermissions": "Personal Permissions for %s",
  "sellDisabled": "Claimblocks selling is disabled",
  "buyDisabled": "Claimblocks purchasing is disabled",
  "sellFail": "Not enough claimblocks to sell",
  "buyFail": "Not enough money",
  "sellSuccess": "Sold %1$s claimblocks for %2$s",
  "buySuccess": "Bought %1$s claimblocks for %2$s",
  "gunpowderMissing": "Missing gunpowder currency mod",
  "trappedRescue": "Rescuing. Don't move for 5 seconds",
  "trappedFail": "Rescue not necessary or already rescuing",
  "trappedMove": "You moved. Aborting teleport",
  "unlockDropsCmd": "Your deathitems are protected. Use %s to unlock them for other players",
  "unlockDrops": "Your deathitems are now unlocked for %s ticks",
  "unlockDropsMulti": "Unlocked drops for %s",
  "claimNameSet": "Claims name set to %s",
  "claimNameUsed": "The owner of the claim already has another claim with the same name",
  "claimNameUsedSub": "One of the subclaim of this claim already has this name",
  "setHome": "Claim home set to [x=%s,y=%s,z=%s]",
  "teleportHome": "Teleporting to claim home. Don't move for 5 seconds",
  "teleportHomeFail": "Teleport already happening",
  "wiki": "For more info check out the wiki:",
  "EDITCLAIM.desc": "Gives permission to edit (resize, delete...) the claim",
  "EDITPERMS.desc": "Gives permission to change the claims permissions",
  "EDITPOTIONS.desc": "Gives permission to edit the claims potion effect",
  "BREAK.desc": "Permission to break blocks in the claim",
  "PLACE.desc": "Permission to place blocks in the claim",
  "OPENCONTAINER.desc": [
    "Permission to open containers",
    "(chest, furnace etc.)"
  ],
  "INTERACTBLOCK.desc": [
    "Generic permission for block interaction.",
    "Fallback to OPENCONTAINER",
    "Gets used for all blocks OPENCONTAINER doesn't check for"
  ],
  "ANVIL.desc": "Permission to use anvils",
  "BED.desc": "Permission to use beds",
  "BEACON.desc": "Permission to use beacons",
  "DOOR.desc": "Permission to use doors",
  "FENCEGATE.desc": "Permission to use fence gates",
  "TRAPDOOR.desc": "Permission to use trapdoors",
  "BUTTONLEVER.desc": "Permission to trigger levers and buttons",
  "PRESSUREPLATE.desc": "Permission to trigger pressure plates",
  "NOTEBLOCK.desc": "Permission to change noteblocks",
  "REDSTONE.desc": "Permission to change redstone components",
  "JUKEBOX.desc": "Permission to insert/take music discs",
  "ENDERCHEST.desc": "Permission to use enderchests",
  "ENCHANTMENT.desc": "Permission to use enchanting tables",
  "ITEMFRAMEROTATE.desc": "Permission to rotate items in item frames",
  "LECTERNTAKE.desc": "Permission to change books in a lectern",
  "ENDCRYSTALPLACE.desc": "Permission to place end crystals",
  "TARGETBLOCK.desc": "Permission to trigger target blocks",
  "PROJECTILES.desc": [
    "Permission to let shot projectiles",
    "interact with blocks (e.g. arrow on button)"
  ],
  "TRAMPLE.desc": [
    "Permission to enable block trampling",
    "(farmland, turtle eggs)"
  ],
  "FROSTWALKER.desc": "Permission for frostwalker to activate",
  "PORTAL.desc": "Permission to use nether portals",
  "RAID.desc": [
    "Permission to trigger raids in claim.",
    "Wont prevent raids (just) outside"
  ],
  "BOAT.desc": "Permission to sit in boats",
  "MINECART.desc": "Permission to sit in minecarts",
  "BUCKET.desc": "Permission to take liquids with buckets",
  "ENDERPEARL.desc": "Permission to use enderpearls",
  "CHORUSFRUIT.desc": "Permission to eat chorus fruits",
  "ANIMALINTERACT.desc": [
    "Permission to interact with animals",
    "(e.g. shearing sheeps)"
  ],
  "HURTANIMAL.desc": "Permission to hurt animals",
  "XP.desc": "Permission to pick up xp orbs",
  "TRADING.desc": "Permission to trade with villagers",
  "ARMORSTAND.desc": "Permission to interact with armor stands",
  "BREAKNONLIVING.desc": "Permission to break things like minecarts or armor stands",
  "DROP.desc": "Allow the drop of items",
  "PICKUP.desc": "Allow the pickup of items",
  "FLIGHT.desc": "Allow non creative flight",
  "CANSTAY.desc": "Allow players to enter your claim",
  "TELEPORT.desc": "Allow player to teleport to your claim home position",
  "NOHUNGER.desc": "Disable hunger",
  "HURTPLAYER.desc": "Permission to hurt other players",
  "EXPLOSIONS.desc": "Toggle explosions in claim",
  "WITHER.desc": "Toggle wither breaking blocks in claim",
  "ENDERMAN.desc": "Allow enderman picking and placing blocks",
  "SNOWGOLEM.desc": "Allow snowgolems snowlayer",
  "FIRESPREAD.desc": "Toggle firespread in claim",
  "WATERBORDER.desc": "Toggle water crossing claim borders",
  "PISTONBORDER.desc": "Toggle piston pull/push across claim borders",
  "MOBSPAWN.desc": "Prevent hostile mobspawn in claim",
  "ANIMALSPAWN.desc": "Prevent other spawn in claim",
  "LIGHTNING.desc": [
    "Allow lightning to affect claims",
    "e.g. set blocks on fire",
    "or affect animals (mobs are excluded)"
  ],
  "LOCKITEMS.desc": "If items should be locked on death",
  "commands": {
    "teleport": [
      "teleport self | admin | (other <player>) (<claim name> | <claim uuid>)",
      "Teleport to the given claims home position. Use admin to teleport to admin claims"
    ],
    "claimInfo": [
      "claimInfo",
      "Prints infos about the claim you're standing in."
    ],
    "delete": [
      "delete",
      "Deletes the current claim."
    ],
    "readGriefPrevention": [
      "readGriefPreventionData",
      "Parses data from the GriefPrevention plugin to Flan"
    ],
    "deleteAllSubClaims": [
      "deleteAllSubClaims",
      "Deletes all subclaim of the current claim."
    ],
    "addClaim": [
      "addClaim <x y z> <x y z>",
      "Creates a claim with the given positions. Same as using the claim tool."
    ],
    "personalGroups": [
      "personalGroups",
      "Opens the gui to edit personal groups."
    ],
    "reload": [
      "reload",
      "Reloads the config ingame."
    ],
    "adminDelete": [
      "adminDelete [all <player>]",
      "Force deletes the current claim or deletes all claims from the specified player."
    ],
    "adminMode": [
      "adminMode",
      "Switches to admin mode ignoring all claims."
    ],
    "sellBlocks": [
      "sellBlocks <amount>",
      "Sells <amount> claimblocks. Needs gunpowder currency installed."
    ],
    "group": [
      "group (add | remove <name>) | (players add | remove <player> [overwrite])",
      "- Adds/removes the group with that name. Also editable via the claim menu.",
      "- Adds/remove a player to the group. If overwrite then will overwrite the players current group else does nothing. Also editable via the claim menu."
    ],
    "buyBlocks": [
      "buyBlocks <amount>",
      "Buys <amount> claimblocks. Needs gunpowder currency installed."
    ],
    "trapped": [
      "trapped",
      "If in a claim not owned by the player attempts to teleport the player out of it after 5 seconds."
    ],
    "deleteAll": [
      "deleteAll",
      "Deletes all your claims (you need to double type to confirm it so no accidents)."
    ],
    "unlockDrops": [
      "unlockDrops <players>",
      "Unlocks dropped items from death so other players can pick them up too. Or all of the given players (needs OP)"
    ],
    "permission": [
      "permission {global | (group <name>) | (personal <name>)} <permission> true | false | default",
      " Sets global/group/personal permissions. Also editable via the claim menu (for group perm right click on the group in the menu)."
    ],
    "setHome": [
      "setHome",
      "Standing in a claim with sufficient permission sets that claims home to the players position"
    ],
    "menu": [
      "menu",
      "When standing in a claim you have permissions for opens the claim menu."
    ],
    "list": [
      "list <player>",
      "Lists all claims you have. If op also gives ability to list other players claims."
    ],
    "listAdminClaims": [
      "listAdminClaim",
      "Lists all admin claims in the current world."
    ],
    "help": [
      "help <page> | (cmd <command>)",
      "Shows all available commands or info for the given command."
    ],
    "setAdminClaim": [
      "setAdminClaim",
      "Sets a claim to an admin claim."
    ],
    "transferClaim": [
      "transferClaim <player>",
      "Gives ownership of the claim to the specified player. Only works if you're the claim owner."
    ],
    "giveClaimBlocks": [
      "giveClaimBlocks <amount>",
      "Gives a player additional claim blocks."
    ],
    "deleteSubClaim": [
      "deleteSubClaim",
      "Deletes the current subclaim."
    ],
    "name": [
      "name self <name>",
      "Sets the current claims name"
    ],
    "switchMode": [
      "switchMode",
      "Switch between normal and subclaim mode."
    ]
  }
}