{
  "check_the_wiki_for_more_information": "https://qouteall.fun/immptl/wiki/Config-Options",
  "maxPortalLayer": 5,
  "lagAttackProof": true,
  "portalRenderLimit": 200,
  "indirectLoadingRadiusCap": 31,
  "compatibilityRenderMode": false,
  "doCheckGlError": false,
  "portalSearchingRange": 128,
  "renderYourselfInPortal": true,
  "activeLoading": true,
  "teleportationDebug": false,
  "correctCrossPortalEntityRendering": true,
  "multiThreadedNetherPortalSearching": true,
  "looseMovementCheck": false,
  "pureMirror": false,
  "enableAlternateDimensions": true,
  "reducedPortalRendering": false,
  "visibilityPrediction": true,
  "chunkUnloadDelayTicks": 300,
  "forceMergePortalRendering": false,
  "netherPortalOverlay": false,
  "graduallyIncreaseLoadingRange": true,
  "scaleLimit": 30,
  "easeCreativePermission": true,
  "easeCommandStickPermission": false,
  "dimensionRenderRedirect": {
    "immersive_portals:alternate1": "minecraft:overworld",
    "immersive_portals:alternate2": "minecraft:overworld",
    "immersive_portals:alternate3": "minecraft:overworld",
    "immersive_portals:alternate4": "minecraft:overworld",
    "immersive_portals:alternate5": "minecraft:overworld"
  },
  "netherPortalMode": "normal",
  "endPortalMode": "normal"
}