{
  "blocks_per_xp": 0.0,
  "stone_wand_limit": 16,
  "iron_wand_limit": 32,
  "diamond_wand_limit": 64,
  "netherite_wand_limit": 256,
  "stone_wand_durability": 256,
  "iron_wand_durability": 512,
  "diamond_wand_durability": 2048,
  "netherite_wand_durability": 4096,
  "destroy_in_survival_drop": true,
  "survival_unenchanted_drops": false,
  "allow_wand_to_break": false,
  "allow_offhand_to_break": false,
  "wand_mode_display_x_pos": 80.0,
  "wand_mode_display_y_pos": 100.0,
  "preview_opacity": 0.8,
  "fancy_preview": true,
  "fat_lines": true,
  "fat_lines_width": 0.025,
  "block_outline_color": "220,220,220,255",
  "bounding_box_color": "0,0,200,255",
  "destroy_color": "220,0,0,255",
  "tool_use_color": "240,240,0,255",
  "start_color": "0,200,200,255",
  "end_color": "0,200,0,255",
  "line_color": "200,0,200,200",
  "paste_bb_color": "80,40,0,255",
  "block_color": "255,255,255,255",
  "str_allowed": [
    "minecraft:soul_sand",
    "minecraft:grass_path"
  ],
  "str_denied": []
}