{
  "configVersion": 3,
  "inventory": {
    "enabled": true,
    "itemCount": true,
    "nbt": false,
    "maxWidth": 9,
    "maxHeight": 3,
    "blacklist": []
  },
  "entityInventory": {
    "enabled": true,
    "itemCount": true,
    "nbt": false,
    "maxWidth": 9,
    "maxHeight": 3,
    "blacklist": []
  },
  "energy": {
    "enabled": true,
    "expandWhenSneak": false,
    "colors": {
      "megane": 7408640,
      "extragenerators": 7408640,
      "sync": 7408640,
      "techreborn": 8390656,
      "wirelessnetworks": 7408640,
      "quarrymod": 7408640,
      "spatialharvesters": 7408640
    },
    "units": {
      "megane": "E",
      "extragenerators": "E",
      "sync": "E",
      "techreborn": "E",
      "wirelessnetworks": "E",
      "quarrymod": "E",
      "spatialharvesters": "E"
    },
    "blacklist": [
      "appliedenergistics2:energy_acceptor"
    ]
  },
  "fluid": {
    "enabled": true,
    "expandWhenSneak": false,
    "colors": {
      "megane:default": 855385
    },
    "blacklist": []
  },
  "progress": {
    "enabled": true,
    "showWhenZero": false,
    "blacklist": []
  },
  "effect": {
    "enabled": true,
    "level": true,
    "roman": false,
    "hidden": false,
    "blacklist": []
  },
  "catchServerErrors": true,
  "spawnEgg": true,
  "playerHead": true
}