{
  "iron": {
    "minecraft:iron_nugget": {
      "worth": 1,
      "can_return": true
    },
    "minecraft:iron_ingot": {
      "worth": 9,
      "can_return": true
    },
    "minecraft:iron_block": {
      "worth": 81,
      "can_return": true
    }
  },
  "gold": {
    "minecraft:gold_nugget": {
      "worth": 1,
      "can_return": true
    },
    "minecraft:gold_ingot": {
      "worth": 9,
      "can_return": true
    },
    "minecraft:gold_block": {
      "worth": 81,
      "can_return": true
    }
  },
  "netherite": {
    "minecraft:netherite_ingot": {
      "worth": 9,
      "can_return": true
    },
    "minecraft:netherite_block": {
      "worth": 81,
      "can_return": true
    }
  },
  "redstone": {
    "minecraft:redstone": {
      "worth": 2,
      "can_return": true
    },
    "minecraft:redstone_block": {
      "worth": 18,
      "can_return": true
    }
  },
  "lapis": {
    "minecraft:lapis_lazuli": {
      "worth": 2,
      "can_return": true
    },
    "minecraft:lapis_block": {
      "worth": 18,
      "can_return": true
    }
  },
  "nether_quartz": {
    "minecraft:quartz": {
      "worth": 9,
      "can_return": true
    },
    "minecraft:quartz_block": {
      "worth": 81,
      "can_return": true
    }
  },
  "coal": {
    "minecraft:coal": {
      "worth": 9,
      "can_return": true
    },
    "minecraft:coal_block": {
      "worth": 81,
      "can_return": true
    }
  }
}